<ArrayOfRecentColorSettings xmlns="http://schemas.flexem.com/fs/Settings/RecentColorSettings" xmlns:i="http://www.w3.org/2001/XMLSchema-instance"><RecentColorSettings><Color xmlns:a="http://schemas.datacontract.org/2004/07/System.Windows.Media"><a:A>255</a:A><a:B>255</a:B><a:G>255</a:G><a:R>255</a:R><a:ScA>1</a:ScA><a:ScB>1</a:ScB><a:ScG>1</a:ScG><a:ScR>1</a:ScR></Color><Name>47</Name></RecentColorSettings><RecentColorSettings><Color xmlns:a="http://schemas.datacontract.org/2004/07/System.Windows.Media"><a:A>255</a:A><a:B>128</a:B><a:G>64</a:G><a:R>0</a:R><a:ScA>1</a:ScA><a:ScB>0.2158605</a:ScB><a:ScG>0.0512694567</a:ScG><a:ScR>0</a:ScR></Color><Name>20</Name></RecentColorSettings><RecentColorSettings><Color xmlns:a="http://schemas.datacontract.org/2004/07/System.Windows.Media"><a:A>255</a:A><a:B>192</a:B><a:G>128</a:G><a:R>0</a:R><a:ScA>1</a:ScA><a:ScB>0.5271151</a:ScB><a:ScG>0.2158605</a:ScG><a:ScR>0</a:ScR></Color><Name>13</Name></RecentColorSettings><RecentColorSettings><Color xmlns:a="http://schemas.datacontract.org/2004/07/System.Windows.Media"><a:A>255</a:A><a:B>160</a:B><a:G>0</a:G><a:R>0</a:R><a:ScA>1</a:ScA><a:ScB>0.3515326</a:ScB><a:ScG>0</a:ScG><a:ScR>0</a:ScR></Color><Name>29</Name></RecentColorSettings><RecentColorSettings><Color xmlns:a="http://schemas.datacontract.org/2004/07/System.Windows.Media"><a:A>255</a:A><a:B>176</a:B><a:G>174</a:G><a:R>32</a:R><a:ScA>1</a:ScA><a:ScB>0.434153646</a:ScB><a:ScG>0.423267663</a:ScG><a:ScR>0.0144438436</a:ScR></Color><Name/></RecentColorSettings><RecentColorSettings><Color xmlns:a="http://schemas.datacontract.org/2004/07/System.Windows.Media"><a:A>255</a:A><a:B>176</a:B><a:G>174</a:G><a:R>32</a:R><a:ScA>1</a:ScA><a:ScB>0.434153646</a:ScB><a:ScG>0.423267663</a:ScG><a:ScR>0.0144438436</a:ScR></Color><Name/></RecentColorSettings><RecentColorSettings><Color xmlns:a="http://schemas.datacontract.org/2004/07/System.Windows.Media"><a:A>255</a:A><a:B>198</a:B><a:G>198</a:G><a:R>198</a:R><a:ScA>1</a:ScA><a:ScB>0.5647115</a:ScB><a:ScG>0.5647115</a:ScG><a:ScR>0.5647115</a:ScR></Color><Name/></RecentColorSettings><RecentColorSettings><Color xmlns:a="http://schemas.datacontract.org/2004/07/System.Windows.Media"><a:A>255</a:A><a:B>128</a:B><a:G>128</a:G><a:R>64</a:R><a:ScA>1</a:ScA><a:ScB>0.2158605</a:ScB><a:ScG>0.2158605</a:ScG><a:ScR>0.0512694567</a:ScR></Color><Name>44</Name></RecentColorSettings></ArrayOfRecentColorSettings>